path_id,video_id,overlaps,channel_id,date
CC1C6IO_i9s:uYXJAuZyoa8,CC1C6IO_i9s,99,UCu17Sme-KE87ca9OTzP0p7g,2022-03-05
CC1C6IO_i9s:aeGD6v0eSC4,CC1C6IO_i9s,104,UCu17Sme-KE87ca9OTzP0p7g,2022-03-05
CC1C6IO_i9s:KtLd2KT5D2s,CC1C6IO_i9s,78,UCu17Sme-KE87ca9OTzP0p7g,2022-03-05
CC1C6IO_i9s:MMZUSTZ_PvM,CC1C6IO_i9s,76,UCu17Sme-KE87ca9OTzP0p7g,2022-03-05
CC1C6IO_i9s:A-JptG5rfgo,CC1C6IO_i9s,70,UCu17Sme-KE87ca9OTzP0p7g,2022-03-05
CC1C6IO_i9s:txgdJ9yVzMc,CC1C6IO_i9s,80,UCu17Sme-KE87ca9OTzP0p7g,2022-03-05
CC1C6IO_i9s:Cx5gnhv_wno,CC1C6IO_i9s,81,UCu17Sme-KE87ca9OTzP0p7g,2022-03-05
CC1C6IO_i9s:wot7_PaqdD8,CC1C6IO_i9s,288,UCu17Sme-KE87ca9OTzP0p7g,2022-03-05
CC1C6IO_i9s:VtgPYr8ggcI,CC1C6IO_i9s,75,UCu17Sme-KE87ca9OTzP0p7g,2022-03-05
CC1C6IO_i9s:FcgEP5V4PpI,CC1C6IO_i9s,81,UCu17Sme-KE87ca9OTzP0p7g,2022-03-05
CC1C6IO_i9s:84LhrZ-NN_E,CC1C6IO_i9s,91,UCu17Sme-KE87ca9OTzP0p7g,2022-03-05
uYXJAuZyoa8:aeGD6v0eSC4,uYXJAuZyoa8,74,UC9lJXqw4QZw-HWaZH6sN-xw,2022-03-05
uYXJAuZyoa8:KtLd2KT5D2s,uYXJAuZyoa8,94,UC9lJXqw4QZw-HWaZH6sN-xw,2022-03-05
uYXJAuZyoa8:zSNn0UTE4w0,uYXJAuZyoa8,90,UC9lJXqw4QZw-HWaZH6sN-xw,2022-03-05
uYXJAuZyoa8:MMZUSTZ_PvM,uYXJAuZyoa8,71,UC9lJXqw4QZw-HWaZH6sN-xw,2022-03-05
uYXJAuZyoa8:A-JptG5rfgo,uYXJAuZyoa8,123,UC9lJXqw4QZw-HWaZH6sN-xw,2022-03-05
uYXJAuZyoa8:txgdJ9yVzMc,uYXJAuZyoa8,94,UC9lJXqw4QZw-HWaZH6sN-xw,2022-03-05
uYXJAuZyoa8:Cx5gnhv_wno,uYXJAuZyoa8,99,UC9lJXqw4QZw-HWaZH6sN-xw,2022-03-05
uYXJAuZyoa8:wot7_PaqdD8,uYXJAuZyoa8,78,UC9lJXqw4QZw-HWaZH6sN-xw,2022-03-05
uYXJAuZyoa8:VtgPYr8ggcI,uYXJAuZyoa8,70,UC9lJXqw4QZw-HWaZH6sN-xw,2022-03-05
uYXJAuZyoa8:FcgEP5V4PpI,uYXJAuZyoa8,246,UC9lJXqw4QZw-HWaZH6sN-xw,2022-03-05
uYXJAuZyoa8:84LhrZ-NN_E,uYXJAuZyoa8,255,UC9lJXqw4QZw-HWaZH6sN-xw,2022-03-05
aeGD6v0eSC4:exKyJvhCrFs,aeGD6v0eSC4,51,UC4O9HKe9Jt5yAhKuNv3LXpQ,2022-03-05
aeGD6v0eSC4:KtLd2KT5D2s,aeGD6v0eSC4,74,UC4O9HKe9Jt5yAhKuNv3LXpQ,2022-03-05
aeGD6v0eSC4:MMZUSTZ_PvM,aeGD6v0eSC4,136,UC4O9HKe9Jt5yAhKuNv3LXpQ,2022-03-05
aeGD6v0eSC4:A-JptG5rfgo,aeGD6v0eSC4,103,UC4O9HKe9Jt5yAhKuNv3LXpQ,2022-03-05
aeGD6v0eSC4:-itkm17EulM,aeGD6v0eSC4,52,UC4O9HKe9Jt5yAhKuNv3LXpQ,2022-03-05
aeGD6v0eSC4:txgdJ9yVzMc,aeGD6v0eSC4,87,UC4O9HKe9Jt5yAhKuNv3LXpQ,2022-03-05
aeGD6v0eSC4:Cx5gnhv_wno,aeGD6v0eSC4,107,UC4O9HKe9Jt5yAhKuNv3LXpQ,2022-03-05
aeGD6v0eSC4:wot7_PaqdD8,aeGD6v0eSC4,456,UC4O9HKe9Jt5yAhKuNv3LXpQ,2022-03-05
aeGD6v0eSC4:VtgPYr8ggcI,aeGD6v0eSC4,80,UC4O9HKe9Jt5yAhKuNv3LXpQ,2022-03-05
aeGD6v0eSC4:FcgEP5V4PpI,aeGD6v0eSC4,85,UC4O9HKe9Jt5yAhKuNv3LXpQ,2022-03-05
aeGD6v0eSC4:84LhrZ-NN_E,aeGD6v0eSC4,89,UC4O9HKe9Jt5yAhKuNv3LXpQ,2022-03-05
exKyJvhCrFs:A-JptG5rfgo,exKyJvhCrFs,88,UCuQYHhF6on6EXXO-_i_ClHQ,2022-03-05
exKyJvhCrFs:-itkm17EulM,exKyJvhCrFs,181,UCuQYHhF6on6EXXO-_i_ClHQ,2022-03-05
exKyJvhCrFs:txgdJ9yVzMc,exKyJvhCrFs,70,UCuQYHhF6on6EXXO-_i_ClHQ,2022-03-05
KtLd2KT5D2s:MMZUSTZ_PvM,KtLd2KT5D2s,74,UCuMJPFqazQI4SofSFEd-5zA,2022-03-05
KtLd2KT5D2s:A-JptG5rfgo,KtLd2KT5D2s,85,UCuMJPFqazQI4SofSFEd-5zA,2022-03-05
KtLd2KT5D2s:txgdJ9yVzMc,KtLd2KT5D2s,98,UCuMJPFqazQI4SofSFEd-5zA,2022-03-05
KtLd2KT5D2s:Cx5gnhv_wno,KtLd2KT5D2s,85,UCuMJPFqazQI4SofSFEd-5zA,2022-03-05
KtLd2KT5D2s:wot7_PaqdD8,KtLd2KT5D2s,78,UCuMJPFqazQI4SofSFEd-5zA,2022-03-05
KtLd2KT5D2s:VtgPYr8ggcI,KtLd2KT5D2s,68,UCuMJPFqazQI4SofSFEd-5zA,2022-03-05
KtLd2KT5D2s:FcgEP5V4PpI,KtLd2KT5D2s,128,UCuMJPFqazQI4SofSFEd-5zA,2022-03-05
KtLd2KT5D2s:X1kYQyvbtiE,KtLd2KT5D2s,184,UCuMJPFqazQI4SofSFEd-5zA,2022-03-05
KtLd2KT5D2s:84LhrZ-NN_E,KtLd2KT5D2s,110,UCuMJPFqazQI4SofSFEd-5zA,2022-03-05
zSNn0UTE4w0:84LhrZ-NN_E,zSNn0UTE4w0,58,UCZ9x-z3iOnIbJxVpm1rsu2A,2022-03-05
-itkm17EulM:FV6_uADU414,-itkm17EulM,82,UC24lkOxZYna9nlXYBcJ9B8Q,2022-03-05
txgdJ9yVzMc:Cx5gnhv_wno,txgdJ9yVzMc,79,UC4YUKOBld2PoOLzk0YZ80lw,2022-03-05
txgdJ9yVzMc:mk09mTF69uE,txgdJ9yVzMc,108,UC4YUKOBld2PoOLzk0YZ80lw,2022-03-05
txgdJ9yVzMc:wot7_PaqdD8,txgdJ9yVzMc,77,UC4YUKOBld2PoOLzk0YZ80lw,2022-03-05
txgdJ9yVzMc:VtgPYr8ggcI,txgdJ9yVzMc,68,UC4YUKOBld2PoOLzk0YZ80lw,2022-03-05
txgdJ9yVzMc:FcgEP5V4PpI,txgdJ9yVzMc,93,UC4YUKOBld2PoOLzk0YZ80lw,2022-03-05
txgdJ9yVzMc:84LhrZ-NN_E,txgdJ9yVzMc,86,UC4YUKOBld2PoOLzk0YZ80lw,2022-03-05
Cx5gnhv_wno:wot7_PaqdD8,Cx5gnhv_wno,81,UCRatys97ggrXVtQQBGRALkg,2022-03-05
Cx5gnhv_wno:VtgPYr8ggcI,Cx5gnhv_wno,65,UCRatys97ggrXVtQQBGRALkg,2022-03-05
Cx5gnhv_wno:FcgEP5V4PpI,Cx5gnhv_wno,93,UCRatys97ggrXVtQQBGRALkg,2022-03-05
Cx5gnhv_wno:84LhrZ-NN_E,Cx5gnhv_wno,92,UCRatys97ggrXVtQQBGRALkg,2022-03-05
wot7_PaqdD8:VtgPYr8ggcI,wot7_PaqdD8,64,UC_MkjhQr_D_lGlO3uu-GxyA,2022-03-05
wot7_PaqdD8:FcgEP5V4PpI,wot7_PaqdD8,76,UC_MkjhQr_D_lGlO3uu-GxyA,2022-03-05
wot7_PaqdD8:84LhrZ-NN_E,wot7_PaqdD8,78,UC_MkjhQr_D_lGlO3uu-GxyA,2022-03-05
VtgPYr8ggcI:FcgEP5V4PpI,VtgPYr8ggcI,70,UCU9pX8hKcrx06XfOB-VQLdw,2022-03-05
VtgPYr8ggcI:84LhrZ-NN_E,VtgPYr8ggcI,71,UCU9pX8hKcrx06XfOB-VQLdw,2022-03-05
FcgEP5V4PpI:84LhrZ-NN_E,FcgEP5V4PpI,249,UCjI5qxhtyv3srhWr60HemRw,2022-03-05
HeBNm7FvisQ:CC1C6IO_i9s,CC1C6IO_i9s,91,UCu17Sme-KE87ca9OTzP0p7g,2022-03-05
HeBNm7FvisQ:uYXJAuZyoa8,uYXJAuZyoa8,85,UC9lJXqw4QZw-HWaZH6sN-xw,2022-03-05
HeBNm7FvisQ:aeGD6v0eSC4,aeGD6v0eSC4,115,UC4O9HKe9Jt5yAhKuNv3LXpQ,2022-03-05
HeBNm7FvisQ:KtLd2KT5D2s,KtLd2KT5D2s,87,UCuMJPFqazQI4SofSFEd-5zA,2022-03-05
HeBNm7FvisQ:txgdJ9yVzMc,txgdJ9yVzMc,93,UC4YUKOBld2PoOLzk0YZ80lw,2022-03-05
HeBNm7FvisQ:Cx5gnhv_wno,Cx5gnhv_wno,104,UCRatys97ggrXVtQQBGRALkg,2022-03-05
HeBNm7FvisQ:wot7_PaqdD8,wot7_PaqdD8,78,UC_MkjhQr_D_lGlO3uu-GxyA,2022-03-05
HeBNm7FvisQ:VtgPYr8ggcI,VtgPYr8ggcI,71,UCU9pX8hKcrx06XfOB-VQLdw,2022-03-05
HeBNm7FvisQ:FcgEP5V4PpI,FcgEP5V4PpI,98,UCjI5qxhtyv3srhWr60HemRw,2022-03-05
HeBNm7FvisQ:84LhrZ-NN_E,84LhrZ-NN_E,104,UC1GJ5aeqpEWklMBQ3oXrPQQ,2022-03-05
CC1C6IO_i9s:uYXJAuZyoa8,uYXJAuZyoa8,99,UC9lJXqw4QZw-HWaZH6sN-xw,2022-03-05
CC1C6IO_i9s:aeGD6v0eSC4,aeGD6v0eSC4,104,UC4O9HKe9Jt5yAhKuNv3LXpQ,2022-03-05
CC1C6IO_i9s:KtLd2KT5D2s,KtLd2KT5D2s,78,UCuMJPFqazQI4SofSFEd-5zA,2022-03-05
CC1C6IO_i9s:txgdJ9yVzMc,txgdJ9yVzMc,80,UC4YUKOBld2PoOLzk0YZ80lw,2022-03-05
CC1C6IO_i9s:Cx5gnhv_wno,Cx5gnhv_wno,81,UCRatys97ggrXVtQQBGRALkg,2022-03-05
CC1C6IO_i9s:wot7_PaqdD8,wot7_PaqdD8,288,UC_MkjhQr_D_lGlO3uu-GxyA,2022-03-05
CC1C6IO_i9s:VtgPYr8ggcI,VtgPYr8ggcI,75,UCU9pX8hKcrx06XfOB-VQLdw,2022-03-05
CC1C6IO_i9s:FcgEP5V4PpI,FcgEP5V4PpI,81,UCjI5qxhtyv3srhWr60HemRw,2022-03-05
CC1C6IO_i9s:84LhrZ-NN_E,84LhrZ-NN_E,91,UC1GJ5aeqpEWklMBQ3oXrPQQ,2022-03-05
uYXJAuZyoa8:aeGD6v0eSC4,aeGD6v0eSC4,74,UC4O9HKe9Jt5yAhKuNv3LXpQ,2022-03-05
uYXJAuZyoa8:KtLd2KT5D2s,KtLd2KT5D2s,94,UCuMJPFqazQI4SofSFEd-5zA,2022-03-05
uYXJAuZyoa8:zSNn0UTE4w0,zSNn0UTE4w0,90,UCZ9x-z3iOnIbJxVpm1rsu2A,2022-03-05
uYXJAuZyoa8:txgdJ9yVzMc,txgdJ9yVzMc,94,UC4YUKOBld2PoOLzk0YZ80lw,2022-03-05
uYXJAuZyoa8:Cx5gnhv_wno,Cx5gnhv_wno,99,UCRatys97ggrXVtQQBGRALkg,2022-03-05
uYXJAuZyoa8:wot7_PaqdD8,wot7_PaqdD8,78,UC_MkjhQr_D_lGlO3uu-GxyA,2022-03-05
uYXJAuZyoa8:VtgPYr8ggcI,VtgPYr8ggcI,70,UCU9pX8hKcrx06XfOB-VQLdw,2022-03-05
uYXJAuZyoa8:FcgEP5V4PpI,FcgEP5V4PpI,246,UCjI5qxhtyv3srhWr60HemRw,2022-03-05
uYXJAuZyoa8:84LhrZ-NN_E,84LhrZ-NN_E,255,UC1GJ5aeqpEWklMBQ3oXrPQQ,2022-03-05
aeGD6v0eSC4:exKyJvhCrFs,exKyJvhCrFs,51,UCuQYHhF6on6EXXO-_i_ClHQ,2022-03-05
aeGD6v0eSC4:KtLd2KT5D2s,KtLd2KT5D2s,74,UCuMJPFqazQI4SofSFEd-5zA,2022-03-05
aeGD6v0eSC4:-itkm17EulM,-itkm17EulM,52,UC24lkOxZYna9nlXYBcJ9B8Q,2022-03-05
aeGD6v0eSC4:txgdJ9yVzMc,txgdJ9yVzMc,87,UC4YUKOBld2PoOLzk0YZ80lw,2022-03-05
aeGD6v0eSC4:Cx5gnhv_wno,Cx5gnhv_wno,107,UCRatys97ggrXVtQQBGRALkg,2022-03-05
aeGD6v0eSC4:wot7_PaqdD8,wot7_PaqdD8,456,UC_MkjhQr_D_lGlO3uu-GxyA,2022-03-05
aeGD6v0eSC4:VtgPYr8ggcI,VtgPYr8ggcI,80,UCU9pX8hKcrx06XfOB-VQLdw,2022-03-05
aeGD6v0eSC4:FcgEP5V4PpI,FcgEP5V4PpI,85,UCjI5qxhtyv3srhWr60HemRw,2022-03-05
aeGD6v0eSC4:84LhrZ-NN_E,84LhrZ-NN_E,89,UC1GJ5aeqpEWklMBQ3oXrPQQ,2022-03-05
uP-WdeeVcqQ:-itkm17EulM,-itkm17EulM,95.5,UC24lkOxZYna9nlXYBcJ9B8Q,2022-03-05
NbQ85HigvY0:-itkm17EulM,-itkm17EulM,79,UC24lkOxZYna9nlXYBcJ9B8Q,2022-03-05
zZWd0KVSXAY:-itkm17EulM,-itkm17EulM,80.5,UC24lkOxZYna9nlXYBcJ9B8Q,2022-03-05
exKyJvhCrFs:-itkm17EulM,-itkm17EulM,181,UC24lkOxZYna9nlXYBcJ9B8Q,2022-03-05
exKyJvhCrFs:txgdJ9yVzMc,txgdJ9yVzMc,70,UC4YUKOBld2PoOLzk0YZ80lw,2022-03-05
Xo4SL6HG0C4:-itkm17EulM,-itkm17EulM,78,UC24lkOxZYna9nlXYBcJ9B8Q,2022-03-05
jVNdTyQNsno:-itkm17EulM,-itkm17EulM,78,UC24lkOxZYna9nlXYBcJ9B8Q,2022-03-05
l5K7mGDYUms:mup3zqmXObc,mup3zqmXObc,146,UCR9Gcq0CMm6YgTzsDxAxjOQ,2022-03-05
l5K7mGDYUms:FcgEP5V4PpI,FcgEP5V4PpI,127,UCjI5qxhtyv3srhWr60HemRw,2022-03-05
OS-8KMtUmQ8:-itkm17EulM,-itkm17EulM,102,UC24lkOxZYna9nlXYBcJ9B8Q,2022-03-05
wiBFa_rXC4s:-itkm17EulM,-itkm17EulM,80,UC24lkOxZYna9nlXYBcJ9B8Q,2022-03-05
KtLd2KT5D2s:txgdJ9yVzMc,txgdJ9yVzMc,98,UC4YUKOBld2PoOLzk0YZ80lw,2022-03-05
KtLd2KT5D2s:Cx5gnhv_wno,Cx5gnhv_wno,85,UCRatys97ggrXVtQQBGRALkg,2022-03-05
KtLd2KT5D2s:wot7_PaqdD8,wot7_PaqdD8,78,UC_MkjhQr_D_lGlO3uu-GxyA,2022-03-05
KtLd2KT5D2s:VtgPYr8ggcI,VtgPYr8ggcI,68,UCU9pX8hKcrx06XfOB-VQLdw,2022-03-05
KtLd2KT5D2s:FcgEP5V4PpI,FcgEP5V4PpI,128,UCjI5qxhtyv3srhWr60HemRw,2022-03-05
KtLd2KT5D2s:X1kYQyvbtiE,X1kYQyvbtiE,184,UCUBsjvdHcwZd3ztdY1Zadcw,2022-03-05
KtLd2KT5D2s:84LhrZ-NN_E,84LhrZ-NN_E,110,UC1GJ5aeqpEWklMBQ3oXrPQQ,2022-03-05
zSNn0UTE4w0:84LhrZ-NN_E,84LhrZ-NN_E,58,UC1GJ5aeqpEWklMBQ3oXrPQQ,2022-03-05
MMZUSTZ_PvM:txgdJ9yVzMc,txgdJ9yVzMc,80,UC4YUKOBld2PoOLzk0YZ80lw,2022-03-05
MMZUSTZ_PvM:Cx5gnhv_wno,Cx5gnhv_wno,97,UCRatys97ggrXVtQQBGRALkg,2022-03-05
MMZUSTZ_PvM:wot7_PaqdD8,wot7_PaqdD8,67,UC_MkjhQr_D_lGlO3uu-GxyA,2022-03-05
MMZUSTZ_PvM:VtgPYr8ggcI,VtgPYr8ggcI,90,UCU9pX8hKcrx06XfOB-VQLdw,2022-03-05
MMZUSTZ_PvM:FcgEP5V4PpI,FcgEP5V4PpI,85,UCjI5qxhtyv3srhWr60HemRw,2022-03-05
MMZUSTZ_PvM:84LhrZ-NN_E,84LhrZ-NN_E,79,UC1GJ5aeqpEWklMBQ3oXrPQQ,2022-03-05
A-JptG5rfgo:txgdJ9yVzMc,txgdJ9yVzMc,92,UC4YUKOBld2PoOLzk0YZ80lw,2022-03-05
A-JptG5rfgo:Cx5gnhv_wno,Cx5gnhv_wno,110,UCRatys97ggrXVtQQBGRALkg,2022-03-05
A-JptG5rfgo:wot7_PaqdD8,wot7_PaqdD8,66,UC_MkjhQr_D_lGlO3uu-GxyA,2022-03-05
A-JptG5rfgo:VtgPYr8ggcI,VtgPYr8ggcI,79,UCU9pX8hKcrx06XfOB-VQLdw,2022-03-05
A-JptG5rfgo:FcgEP5V4PpI,FcgEP5V4PpI,82,UCjI5qxhtyv3srhWr60HemRw,2022-03-05
A-JptG5rfgo:84LhrZ-NN_E,84LhrZ-NN_E,76,UC1GJ5aeqpEWklMBQ3oXrPQQ,2022-03-05
dt-JYIwc_tg:-itkm17EulM,-itkm17EulM,80,UC24lkOxZYna9nlXYBcJ9B8Q,2022-03-05
txgdJ9yVzMc:Cx5gnhv_wno,Cx5gnhv_wno,79,UCRatys97ggrXVtQQBGRALkg,2022-03-05
txgdJ9yVzMc:wot7_PaqdD8,wot7_PaqdD8,77,UC_MkjhQr_D_lGlO3uu-GxyA,2022-03-05
txgdJ9yVzMc:VtgPYr8ggcI,VtgPYr8ggcI,68,UCU9pX8hKcrx06XfOB-VQLdw,2022-03-05
txgdJ9yVzMc:FcgEP5V4PpI,FcgEP5V4PpI,93,UCjI5qxhtyv3srhWr60HemRw,2022-03-05
txgdJ9yVzMc:84LhrZ-NN_E,84LhrZ-NN_E,86,UC1GJ5aeqpEWklMBQ3oXrPQQ,2022-03-05
Cx5gnhv_wno:wot7_PaqdD8,wot7_PaqdD8,81,UC_MkjhQr_D_lGlO3uu-GxyA,2022-03-05
Cx5gnhv_wno:VtgPYr8ggcI,VtgPYr8ggcI,65,UCU9pX8hKcrx06XfOB-VQLdw,2022-03-05
Cx5gnhv_wno:FcgEP5V4PpI,FcgEP5V4PpI,93,UCjI5qxhtyv3srhWr60HemRw,2022-03-05
Cx5gnhv_wno:84LhrZ-NN_E,84LhrZ-NN_E,92,UC1GJ5aeqpEWklMBQ3oXrPQQ,2022-03-05
wot7_PaqdD8:VtgPYr8ggcI,VtgPYr8ggcI,64,UCU9pX8hKcrx06XfOB-VQLdw,2022-03-05
wot7_PaqdD8:FcgEP5V4PpI,FcgEP5V4PpI,76,UCjI5qxhtyv3srhWr60HemRw,2022-03-05
wot7_PaqdD8:84LhrZ-NN_E,84LhrZ-NN_E,78,UC1GJ5aeqpEWklMBQ3oXrPQQ,2022-03-05
VtgPYr8ggcI:FcgEP5V4PpI,FcgEP5V4PpI,70,UCjI5qxhtyv3srhWr60HemRw,2022-03-05
VtgPYr8ggcI:84LhrZ-NN_E,84LhrZ-NN_E,71,UC1GJ5aeqpEWklMBQ3oXrPQQ,2022-03-05
FcgEP5V4PpI:84LhrZ-NN_E,84LhrZ-NN_E,249,UC1GJ5aeqpEWklMBQ3oXrPQQ,2022-03-05
l5K7mGDYUms:mup3zqmXObc,l5K7mGDYUms,146,UCodkNmk9oWRTIYZdr_HuSlg,2022-03-06
l5K7mGDYUms:FcgEP5V4PpI,l5K7mGDYUms,127,UCodkNmk9oWRTIYZdr_HuSlg,2022-03-06
MMZUSTZ_PvM:A-JptG5rfgo,MMZUSTZ_PvM,113,UCcJgOennb0II4a_qi9OMkRA,2022-03-06
MMZUSTZ_PvM:txgdJ9yVzMc,MMZUSTZ_PvM,80,UCcJgOennb0II4a_qi9OMkRA,2022-03-06
MMZUSTZ_PvM:Cx5gnhv_wno,MMZUSTZ_PvM,97,UCcJgOennb0II4a_qi9OMkRA,2022-03-06
MMZUSTZ_PvM:wot7_PaqdD8,MMZUSTZ_PvM,67,UCcJgOennb0II4a_qi9OMkRA,2022-03-06
MMZUSTZ_PvM:VtgPYr8ggcI,MMZUSTZ_PvM,90,UCcJgOennb0II4a_qi9OMkRA,2022-03-06
MMZUSTZ_PvM:s4_ICM2gKOY,MMZUSTZ_PvM,52,UCcJgOennb0II4a_qi9OMkRA,2022-03-06
MMZUSTZ_PvM:FcgEP5V4PpI,MMZUSTZ_PvM,85,UCcJgOennb0II4a_qi9OMkRA,2022-03-06
MMZUSTZ_PvM:84LhrZ-NN_E,MMZUSTZ_PvM,79,UCcJgOennb0II4a_qi9OMkRA,2022-03-06
HeBNm7FvisQ:MMZUSTZ_PvM,MMZUSTZ_PvM,105,UCcJgOennb0II4a_qi9OMkRA,2022-03-06
CC1C6IO_i9s:MMZUSTZ_PvM,MMZUSTZ_PvM,76,UCcJgOennb0II4a_qi9OMkRA,2022-03-06
uYXJAuZyoa8:MMZUSTZ_PvM,MMZUSTZ_PvM,71,UCcJgOennb0II4a_qi9OMkRA,2022-03-06
aeGD6v0eSC4:MMZUSTZ_PvM,MMZUSTZ_PvM,136,UCcJgOennb0II4a_qi9OMkRA,2022-03-06
KtLd2KT5D2s:MMZUSTZ_PvM,MMZUSTZ_PvM,74,UCcJgOennb0II4a_qi9OMkRA,2022-03-06
D2XowFuzpvM:Xesye-ASrc8,Xesye-ASrc8,66,UC4YUKOBld2PoOLzk0YZ80lw,2022-03-07
txgdJ9yVzMc:mk09mTF69uE,mk09mTF69uE,108,UCKEJZ-dqIA03evnzEy1_owg,2022-03-07
D2XowFuzpvM:Xesye-ASrc8,D2XowFuzpvM,66,UCuMJPFqazQI4SofSFEd-5zA,2022-03-08
D2XowFuzpvM:nJ2Y8ox3IQM,D2XowFuzpvM,278,UCuMJPFqazQI4SofSFEd-5zA,2022-03-08
D2XowFuzpvM:xc8hNSr6bLo,D2XowFuzpvM,123,UCuMJPFqazQI4SofSFEd-5zA,2022-03-08
JfH8m1mGiwU:XE7mg4FnwWc,JfH8m1mGiwU,254,UCZ9x-z3iOnIbJxVpm1rsu2A,2022-03-08
A-JptG5rfgo:txgdJ9yVzMc,A-JptG5rfgo,92,UCDpdtiUfcdUCzokpRWORRqA,2022-03-08
A-JptG5rfgo:Cx5gnhv_wno,A-JptG5rfgo,110,UCDpdtiUfcdUCzokpRWORRqA,2022-03-08
A-JptG5rfgo:wot7_PaqdD8,A-JptG5rfgo,66,UCDpdtiUfcdUCzokpRWORRqA,2022-03-08
A-JptG5rfgo:VtgPYr8ggcI,A-JptG5rfgo,79,UCDpdtiUfcdUCzokpRWORRqA,2022-03-08
A-JptG5rfgo:FcgEP5V4PpI,A-JptG5rfgo,82,UCDpdtiUfcdUCzokpRWORRqA,2022-03-08
A-JptG5rfgo:84LhrZ-NN_E,A-JptG5rfgo,76,UCDpdtiUfcdUCzokpRWORRqA,2022-03-08
HeBNm7FvisQ:A-JptG5rfgo,A-JptG5rfgo,88,UCDpdtiUfcdUCzokpRWORRqA,2022-03-08
CC1C6IO_i9s:A-JptG5rfgo,A-JptG5rfgo,70,UCDpdtiUfcdUCzokpRWORRqA,2022-03-08
uYXJAuZyoa8:A-JptG5rfgo,A-JptG5rfgo,123,UCDpdtiUfcdUCzokpRWORRqA,2022-03-08
BoVMWNeVLf4:JfH8m1mGiwU,JfH8m1mGiwU,196,UCZ9x-z3iOnIbJxVpm1rsu2A,2022-03-08
aeGD6v0eSC4:A-JptG5rfgo,A-JptG5rfgo,103,UCDpdtiUfcdUCzokpRWORRqA,2022-03-08
exKyJvhCrFs:A-JptG5rfgo,A-JptG5rfgo,88,UCDpdtiUfcdUCzokpRWORRqA,2022-03-08
D2XowFuzpvM:xc8hNSr6bLo,xc8hNSr6bLo,123,UCUBsjvdHcwZd3ztdY1Zadcw,2022-03-08
KtLd2KT5D2s:A-JptG5rfgo,A-JptG5rfgo,85,UCDpdtiUfcdUCzokpRWORRqA,2022-03-08
MMZUSTZ_PvM:A-JptG5rfgo,A-JptG5rfgo,113,UCDpdtiUfcdUCzokpRWORRqA,2022-03-08
i9eFfuYah70:XKB6tE9OmpY,i9eFfuYah70,102,UCu17Sme-KE87ca9OTzP0p7g,2022-03-09
i9eFfuYah70:hq7-81jHbd4,i9eFfuYah70,82,UCu17Sme-KE87ca9OTzP0p7g,2022-03-09
i9eFfuYah70:s4_ICM2gKOY,i9eFfuYah70,122,UCu17Sme-KE87ca9OTzP0p7g,2022-03-09
i9eFfuYah70:BG1ibyYs6DE,i9eFfuYah70,101,UCu17Sme-KE87ca9OTzP0p7g,2022-03-09
XKB6tE9OmpY:hq7-81jHbd4,XKB6tE9OmpY,99,UCuQYHhF6on6EXXO-_i_ClHQ,2022-03-09
XKB6tE9OmpY:s4_ICM2gKOY,XKB6tE9OmpY,278,UCuQYHhF6on6EXXO-_i_ClHQ,2022-03-09
XKB6tE9OmpY:BG1ibyYs6DE,XKB6tE9OmpY,84,UCuQYHhF6on6EXXO-_i_ClHQ,2022-03-09
i9eFfuYah70:XKB6tE9OmpY,XKB6tE9OmpY,102,UCuQYHhF6on6EXXO-_i_ClHQ,2022-03-09
i9eFfuYah70:BG1ibyYs6DE,BG1ibyYs6DE,101,UC1GJ5aeqpEWklMBQ3oXrPQQ,2022-03-09
XKB6tE9OmpY:BG1ibyYs6DE,BG1ibyYs6DE,84,UC1GJ5aeqpEWklMBQ3oXrPQQ,2022-03-09
D2XowFuzpvM:nJ2Y8ox3IQM,nJ2Y8ox3IQM,278,UC_MkjhQr_D_lGlO3uu-GxyA,2022-03-09
JfH8m1mGiwU:XE7mg4FnwWc,XE7mg4FnwWc,254,UC24lkOxZYna9nlXYBcJ9B8Q,2022-03-09
hq7-81jHbd4:BG1ibyYs6DE,BG1ibyYs6DE,82,UC1GJ5aeqpEWklMBQ3oXrPQQ,2022-03-09
s4_ICM2gKOY:BG1ibyYs6DE,BG1ibyYs6DE,84,UC1GJ5aeqpEWklMBQ3oXrPQQ,2022-03-09
e7Ts0RrVNUk:GXZDDk5t14Y,GXZDDk5t14Y,243,UCR9Gcq0CMm6YgTzsDxAxjOQ,2022-03-10
BoVMWNeVLf4:JfH8m1mGiwU,BoVMWNeVLf4,196,UC4O9HKe9Jt5yAhKuNv3LXpQ,2022-03-11
hq7-81jHbd4:s4_ICM2gKOY,hq7-81jHbd4,110,UCcJgOennb0II4a_qi9OMkRA,2022-03-11
hq7-81jHbd4:BG1ibyYs6DE,hq7-81jHbd4,82,UCcJgOennb0II4a_qi9OMkRA,2022-03-11
i9eFfuYah70:hq7-81jHbd4,hq7-81jHbd4,82,UCcJgOennb0II4a_qi9OMkRA,2022-03-11
XKB6tE9OmpY:hq7-81jHbd4,hq7-81jHbd4,99,UCcJgOennb0II4a_qi9OMkRA,2022-03-11
ve5mHqgkgbA:CCX9Te8_WvI,ve5mHqgkgbA,129,UCuQYHhF6on6EXXO-_i_ClHQ,2022-03-12
e7Ts0RrVNUk:GXZDDk5t14Y,e7Ts0RrVNUk,243,UCodkNmk9oWRTIYZdr_HuSlg,2022-03-12
s4_ICM2gKOY:BG1ibyYs6DE,s4_ICM2gKOY,84,UCjI5qxhtyv3srhWr60HemRw,2022-03-12
qw31WPRBgdo:yIViQJaccZQ,yIViQJaccZQ,265,UCuMJPFqazQI4SofSFEd-5zA,2022-03-12
i9eFfuYah70:s4_ICM2gKOY,s4_ICM2gKOY,122,UCjI5qxhtyv3srhWr60HemRw,2022-03-12
ve5mHqgkgbA:CCX9Te8_WvI,CCX9Te8_WvI,129,UC24lkOxZYna9nlXYBcJ9B8Q,2022-03-12
XKB6tE9OmpY:s4_ICM2gKOY,s4_ICM2gKOY,278,UCjI5qxhtyv3srhWr60HemRw,2022-03-12
iU7GvbXU1Ug:HiseqboqSqY,HiseqboqSqY,281,UC_MkjhQr_D_lGlO3uu-GxyA,2022-03-12
hq7-81jHbd4:s4_ICM2gKOY,s4_ICM2gKOY,110,UCjI5qxhtyv3srhWr60HemRw,2022-03-12
MMZUSTZ_PvM:s4_ICM2gKOY,s4_ICM2gKOY,52,UCjI5qxhtyv3srhWr60HemRw,2022-03-12
HeBNm7FvisQ:CC1C6IO_i9s,HeBNm7FvisQ,91,UChi5MyXJLQuPni3dM19Ar3g,2022-03-13
HeBNm7FvisQ:uYXJAuZyoa8,HeBNm7FvisQ,85,UChi5MyXJLQuPni3dM19Ar3g,2022-03-13
HeBNm7FvisQ:aeGD6v0eSC4,HeBNm7FvisQ,115,UChi5MyXJLQuPni3dM19Ar3g,2022-03-13
HeBNm7FvisQ:KtLd2KT5D2s,HeBNm7FvisQ,87,UChi5MyXJLQuPni3dM19Ar3g,2022-03-13
HeBNm7FvisQ:MMZUSTZ_PvM,HeBNm7FvisQ,105,UChi5MyXJLQuPni3dM19Ar3g,2022-03-13
HeBNm7FvisQ:A-JptG5rfgo,HeBNm7FvisQ,88,UChi5MyXJLQuPni3dM19Ar3g,2022-03-13
HeBNm7FvisQ:txgdJ9yVzMc,HeBNm7FvisQ,93,UChi5MyXJLQuPni3dM19Ar3g,2022-03-13
HeBNm7FvisQ:Cx5gnhv_wno,HeBNm7FvisQ,104,UChi5MyXJLQuPni3dM19Ar3g,2022-03-13
HeBNm7FvisQ:wot7_PaqdD8,HeBNm7FvisQ,78,UChi5MyXJLQuPni3dM19Ar3g,2022-03-13
HeBNm7FvisQ:VtgPYr8ggcI,HeBNm7FvisQ,71,UChi5MyXJLQuPni3dM19Ar3g,2022-03-13
HeBNm7FvisQ:FcgEP5V4PpI,HeBNm7FvisQ,98,UChi5MyXJLQuPni3dM19Ar3g,2022-03-13
HeBNm7FvisQ:84LhrZ-NN_E,HeBNm7FvisQ,104,UChi5MyXJLQuPni3dM19Ar3g,2022-03-13
qw31WPRBgdo:yIViQJaccZQ,qw31WPRBgdo,265,UCu17Sme-KE87ca9OTzP0p7g,2022-03-16
CVMXOO8xPtQ:byPF27PYV0Q,CVMXOO8xPtQ,112,UCuQYHhF6on6EXXO-_i_ClHQ,2022-03-16
1SKN6W6OWHI:eWO6_A55rbw,1SKN6W6OWHI,309,UCodkNmk9oWRTIYZdr_HuSlg,2022-03-16
1SKN6W6OWHI:jHH5BSWT-FA,1SKN6W6OWHI,68,UCodkNmk9oWRTIYZdr_HuSlg,2022-03-16
eWO6_A55rbw:jHH5BSWT-FA,eWO6_A55rbw,154,UCR9Gcq0CMm6YgTzsDxAxjOQ,2022-03-16
YvhwPOkht8M:1SKN6W6OWHI,1SKN6W6OWHI,234,UCodkNmk9oWRTIYZdr_HuSlg,2022-03-16
YvhwPOkht8M:FV6_uADU414,FV6_uADU414,230,UC_MkjhQr_D_lGlO3uu-GxyA,2022-03-16
CVMXOO8xPtQ:byPF27PYV0Q,byPF27PYV0Q,112,UC24lkOxZYna9nlXYBcJ9B8Q,2022-03-16
1SKN6W6OWHI:eWO6_A55rbw,eWO6_A55rbw,309,UCR9Gcq0CMm6YgTzsDxAxjOQ,2022-03-16
-itkm17EulM:FV6_uADU414,FV6_uADU414,82,UC_MkjhQr_D_lGlO3uu-GxyA,2022-03-16
iU7GvbXU1Ug:HiseqboqSqY,iU7GvbXU1Ug,281,UCcJgOennb0II4a_qi9OMkRA,2022-03-17
iU7GvbXU1Ug:2U6WG1LEuaA,iU7GvbXU1Ug,94,UCcJgOennb0II4a_qi9OMkRA,2022-03-17
1SKN6W6OWHI:jHH5BSWT-FA,jHH5BSWT-FA,68,UC4YUKOBld2PoOLzk0YZ80lw,2022-03-17
eWO6_A55rbw:jHH5BSWT-FA,jHH5BSWT-FA,154,UC4YUKOBld2PoOLzk0YZ80lw,2022-03-17
YvhwPOkht8M:1SKN6W6OWHI,YvhwPOkht8M,234,UC9lJXqw4QZw-HWaZH6sN-xw,2022-03-18
YvhwPOkht8M:FV6_uADU414,YvhwPOkht8M,230,UC9lJXqw4QZw-HWaZH6sN-xw,2022-03-18
hb8M6nnGCJg:0u8QF-gTceo,hb8M6nnGCJg,114,UC4O9HKe9Jt5yAhKuNv3LXpQ,2022-03-18
iU7GvbXU1Ug:2U6WG1LEuaA,2U6WG1LEuaA,94,UCU9pX8hKcrx06XfOB-VQLdw,2022-03-18
WIZsVwAF_24:-Kdysmq0xzc,WIZsVwAF_24,374,UCu17Sme-KE87ca9OTzP0p7g,2022-03-19
-Kdysmq0xzc:Pf2g9jAgeLw,Pf2g9jAgeLw,96,UC1GJ5aeqpEWklMBQ3oXrPQQ,2022-03-19
i8d6Ja2V1VU:uZpEk1YNTA4,i8d6Ja2V1VU,93,UCuQYHhF6on6EXXO-_i_ClHQ,2022-03-20
16xWv_xi6uA:0u8QF-gTceo,16xWv_xi6uA,137,UC24lkOxZYna9nlXYBcJ9B8Q,2022-03-20
hb8M6nnGCJg:0u8QF-gTceo,0u8QF-gTceo,114,UCUBsjvdHcwZd3ztdY1Zadcw,2022-03-20
16xWv_xi6uA:0u8QF-gTceo,0u8QF-gTceo,137,UCUBsjvdHcwZd3ztdY1Zadcw,2022-03-20
-Kdysmq0xzc:Pf2g9jAgeLw,-Kdysmq0xzc,96,UCuMJPFqazQI4SofSFEd-5zA,2022-03-22
WIZsVwAF_24:-Kdysmq0xzc,-Kdysmq0xzc,374,UCuMJPFqazQI4SofSFEd-5zA,2022-03-22
UNmAmYyR_PQ:mCVWIexzaIc,UNmAmYyR_PQ,278,UCcJgOennb0II4a_qi9OMkRA,2022-03-23
UNmAmYyR_PQ:PZX5UU2TvQg,UNmAmYyR_PQ,250,UCcJgOennb0II4a_qi9OMkRA,2022-03-23
tMIjH0Ed1iw:QxvfiCeXBXE,QxvfiCeXBXE,53,UC4YUKOBld2PoOLzk0YZ80lw,2022-03-23
WIy28Nv60bs:UNmAmYyR_PQ,UNmAmYyR_PQ,58,UCcJgOennb0II4a_qi9OMkRA,2022-03-23
UNmAmYyR_PQ:mCVWIexzaIc,mCVWIexzaIc,278,UCDpdtiUfcdUCzokpRWORRqA,2022-03-23
UNmAmYyR_PQ:PZX5UU2TvQg,PZX5UU2TvQg,250,UC_MkjhQr_D_lGlO3uu-GxyA,2022-03-23
uZpEk1YNTA4:UvOyQRJWBMc,uZpEk1YNTA4,53,UC24lkOxZYna9nlXYBcJ9B8Q,2022-03-24
i8d6Ja2V1VU:uZpEk1YNTA4,uZpEk1YNTA4,93,UC24lkOxZYna9nlXYBcJ9B8Q,2022-03-24
WIy28Nv60bs:uZpEk1YNTA4,uZpEk1YNTA4,113,UC24lkOxZYna9nlXYBcJ9B8Q,2022-03-24
WIy28Nv60bs:UNmAmYyR_PQ,WIy28Nv60bs,58,UCZ9x-z3iOnIbJxVpm1rsu2A,2022-03-25
WIy28Nv60bs:uZpEk1YNTA4,WIy28Nv60bs,113,UCZ9x-z3iOnIbJxVpm1rsu2A,2022-03-25
WIy28Nv60bs:UvOyQRJWBMc,WIy28Nv60bs,53,UCZ9x-z3iOnIbJxVpm1rsu2A,2022-03-25
107Wqb0GaTg:xtNxLF6PGOs,107Wqb0GaTg,113,UCu17Sme-KE87ca9OTzP0p7g,2022-03-26
107Wqb0GaTg:xtNxLF6PGOs,xtNxLF6PGOs,113,UCcJgOennb0II4a_qi9OMkRA,2022-03-27
ZMPidtvR4RA:epNpmyFheMs,ZMPidtvR4RA,342,UCu17Sme-KE87ca9OTzP0p7g,2022-03-30
1QVbu03ykOw:ItnGcZpyf8I,ItnGcZpyf8I,299,UCR9Gcq0CMm6YgTzsDxAxjOQ,2022-03-30
VRrm4nBYgz0:t9lDVaU0Yx8,VRrm4nBYgz0,300,UC4YUKOBld2PoOLzk0YZ80lw,2022-03-31
tMIjH0Ed1iw:hS87hXLHELA,hS87hXLHELA,92,UCuMJPFqazQI4SofSFEd-5zA,2022-03-31
kiVH4CjiHhI:CzrkZYl4_Sg,kiVH4CjiHhI,107,UC4O9HKe9Jt5yAhKuNv3LXpQ,2022-04-01
kiVH4CjiHhI:_4WlQ8j4yFY,kiVH4CjiHhI,65,UC4O9HKe9Jt5yAhKuNv3LXpQ,2022-04-01
1QVbu03ykOw:CzrkZYl4_Sg,1QVbu03ykOw,80,UCodkNmk9oWRTIYZdr_HuSlg,2022-04-01
1QVbu03ykOw:ItnGcZpyf8I,1QVbu03ykOw,299,UCodkNmk9oWRTIYZdr_HuSlg,2022-04-01
CzrkZYl4_Sg:hpjt5CjYISQ,CzrkZYl4_Sg,312.5,UCR9Gcq0CMm6YgTzsDxAxjOQ,2022-04-01
_4WlQ8j4yFY:MY0OXH69G08,_4WlQ8j4yFY,69,UCZ9x-z3iOnIbJxVpm1rsu2A,2022-04-01
rGds28SsDWM:_4WlQ8j4yFY,_4WlQ8j4yFY,207,UCZ9x-z3iOnIbJxVpm1rsu2A,2022-04-01
ZMPidtvR4RA:epNpmyFheMs,epNpmyFheMs,342,UCcJgOennb0II4a_qi9OMkRA,2022-04-01
kiVH4CjiHhI:CzrkZYl4_Sg,CzrkZYl4_Sg,107,UCR9Gcq0CMm6YgTzsDxAxjOQ,2022-04-01
kiVH4CjiHhI:_4WlQ8j4yFY,_4WlQ8j4yFY,65,UCZ9x-z3iOnIbJxVpm1rsu2A,2022-04-01
1QVbu03ykOw:CzrkZYl4_Sg,CzrkZYl4_Sg,80,UCR9Gcq0CMm6YgTzsDxAxjOQ,2022-04-01
CzrkZYl4_Sg:hpjt5CjYISQ,hpjt5CjYISQ,312.5,UCuMJPFqazQI4SofSFEd-5zA,2022-04-01
_4WlQ8j4yFY:MY0OXH69G08,MY0OXH69G08,69,UC24lkOxZYna9nlXYBcJ9B8Q,2022-04-01
rGds28SsDWM:_4WlQ8j4yFY,rGds28SsDWM,207,UCu17Sme-KE87ca9OTzP0p7g,2022-04-02
VRrm4nBYgz0:t9lDVaU0Yx8,t9lDVaU0Yx8,300,UCUBsjvdHcwZd3ztdY1Zadcw,2022-04-03
WIy28Nv60bs:UvOyQRJWBMc,UvOyQRJWBMc,53,UC1GJ5aeqpEWklMBQ3oXrPQQ,2022-04-04
uZpEk1YNTA4:UvOyQRJWBMc,UvOyQRJWBMc,53,UC1GJ5aeqpEWklMBQ3oXrPQQ,2022-04-04
gUz2XNwjTy8:9LuVFaji1P8,gUz2XNwjTy8,389,UCu17Sme-KE87ca9OTzP0p7g,2022-04-06
tMIjH0Ed1iw:CnxMIem2Oyw,tMIjH0Ed1iw,64,UClu2e7S8atp6tG2galK9hgg,2022-04-07
tMIjH0Ed1iw:hS87hXLHELA,tMIjH0Ed1iw,92,UClu2e7S8atp6tG2galK9hgg,2022-04-07
tMIjH0Ed1iw:QxvfiCeXBXE,tMIjH0Ed1iw,53,UClu2e7S8atp6tG2galK9hgg,2022-04-07
CnxMIem2Oyw:3SOU8hn12zo,CnxMIem2Oyw,991,UCuMJPFqazQI4SofSFEd-5zA,2022-04-07
tMIjH0Ed1iw:CnxMIem2Oyw,CnxMIem2Oyw,64,UCuMJPFqazQI4SofSFEd-5zA,2022-04-07
CnxMIem2Oyw:3SOU8hn12zo,3SOU8hn12zo,991,UC4YUKOBld2PoOLzk0YZ80lw,2022-04-07
1822jH-gFQk:9LuVFaji1P8,1822jH-gFQk,159,UC4O9HKe9Jt5yAhKuNv3LXpQ,2022-04-08
gUz2XNwjTy8:9LuVFaji1P8,9LuVFaji1P8,389,UC_MkjhQr_D_lGlO3uu-GxyA,2022-04-09
1822jH-gFQk:9LuVFaji1P8,9LuVFaji1P8,159,UC_MkjhQr_D_lGlO3uu-GxyA,2022-04-09
HVRGvFKHB1A:rWfLolwy9ys,HVRGvFKHB1A,222,UCcJgOennb0II4a_qi9OMkRA,2022-04-10
HVRGvFKHB1A:rWfLolwy9ys,rWfLolwy9ys,222,UC1GJ5aeqpEWklMBQ3oXrPQQ,2022-04-10
